text;label
быстро;accept
сейчас;accept
без задержек;accept
срочно;accept
без промедления;accept
пожалуйста;accept
мгновенно;accept
беру заказ;accept
берём заказ;accept
берём срочно;accept
берём сейчас;accept
беру срочно;accept
беру сейчас;accept
забираю заказ;accept
забираю сейчас;accept
забираю срочно;accept
заберу;accept
заберу срочно;accept
заберу сейчас;accept
берём;accept
давай берём;accept
давай возьмём;accept
берём его;accept
беру его;accept
беру это;accept
беру этот;accept
берём этот;accept
возьми заказ;accept
возьмём заказ;accept
возьми его;accept
возьми это;accept
возьми этот;accept
берём без вопросов;accept
беру без вопросов;accept
берем без промедления;accept
берём без задержек;accept
беру без задержек;accept
берём быстро;accept
беру быстро;accept
берём сразу;accept
беру сразу;accept
берём мгновенно;accept
беру мгновенно;accept
берём немедленно;accept
беру немедленно;accept
берём скоро;accept
беру скоро;accept
да беру;accept
да забираю;accept
да принимаю;accept
да возьмём;accept
давай беру;accept
давай заберу;accept
давай примем;accept
примем заказ;accept
принимаю заказ;accept
принимаю срочно;accept
принимаю сейчас;accept
принимаю мгновенно;accept
принимаю сразу;accept
принимаем заказ;accept
принимаем сразу;accept
принимаем сейчас;accept
принимаем быстро;accept
принимаем мгновенно;accept
принимаем немедленно;accept
подтверди;accept
подтвердить;accept
подтверждаю;accept
ок беру;accept
окей беру;accept
ок забираю;accept
ок принимаю;accept
хорошо беру;accept
хорошо забираю;accept
хорошо принимаю;accept
беру, еду;accept
беру, старт;accept
беру, в пути;accept
беру, готов;accept
беру, поехали;accept
беру, выезжаю;accept
беру, начинаю;accept
берём, едем;accept
берём, поехали;accept
берём, выезжаем;accept
берём, стартуем;accept
забираю, еду;accept
забираю, поехал;accept
забираю, в пути;accept
забираю, старт;accept
забираю, готов;accept
согласен;accept
согласен взять;accept
согласен забрать;accept
согласен принять;accept
готов взять;accept
готов забрать;accept
готов принять;accept
готов беру;accept
готов забираю;accept
готов принимаю;accept
беру к исполнению;accept
беру к работе;accept
беру в дело;accept
берём к работе;accept
берём к исполнению;accept
берём на себя;accept
беру на себя;accept
забираю на себя;accept
заберу на себя;accept
принимаю на себя;accept
ок, беру;accept
ок, забираю;accept
ок, принимаю;accept
yes, accept;accept
take it;accept
i accept;accept
confirm order;accept
take order;accept
accept it;accept
прими;accept
принять;accept
приму;accept
приму срочно;accept
приму сейчас;accept
прими заказ;accept
прими сразу;accept
принимаем;accept
подтверди приём;accept
подтверди срочно;accept
подтверди сейчас;accept
подтверди мгновенно;accept
одобри;accept
одобри заказ;accept
одобряем;accept
беру, ок;accept
забираю, ок;accept
принимаю, ок;accept
беру, да;accept
забираю, да;accept
принимаю, да;accept
беру успешно;accept
забираю успешно;accept
принимаю успешно;accept
берём успешно;accept
беру моментально;accept
берём моментально;accept
забираю моментально;accept
принимаю моментально;accept
беру мгн.;accept
берём мгн.;accept
забираю мгн.;accept
принимаю мгн.;accept
стартуем;accept
старт;accept
в деле;accept
я в деле;accept
еду;accept
выезжаю;accept
поехали;accept
стартуем сейчас;accept
стартую;accept
стартую сейчас;accept
беру и еду;accept
беру и поехал;accept
беру, выхожу;accept
берём, выхожу;accept
забираю, выхожу;accept
заберу, выхожу;accept
принимаю, выхожу;accept
беру, на выход;accept
забираю, на выход;accept
принимаю, на выход;accept
окей;accept
окей беру;accept
окей забираю;accept
окей принимаю;accept
готов;accept
готов беру;accept
готов забираю;accept
готов принимаю;accept
работаю;accept
работаю, беру;accept
работаю, забираю;accept
работаю, принимаю;accept
беру, работаю;accept
забираю, работаю;accept
принимаю, работаю;accept
надо,беру;accept
надо,забираю;accept
надо,принимаю;accept
берём, надо;accept
беру, надо;accept
забираю, надо;accept
принимаю, надо;accept
ладно, беру;accept
ладно, забираю;accept
ладно, принимаю;accept
ладно, берём;accept
ладно, заберём;accept
ладно, примем;accept
берём сами;accept
беру себе;accept
забираю себе;accept
принимаю себе;accept
себе, беру;accept
себе, забираю;accept
себе, принимаю;accept
я беру;accept
я забираю;accept
я принимаю;accept
мы берём;accept
мы забираем;accept
мы принимаем;accept
берём быстрый;accept
беру быстрый;accept
забираю быстрый;accept
принимаю быстрый;accept
берём срочный;accept
беру срочный;accept
забираю срочный;accept
принимаю срочный;accept
берём экспресс;accept
беру экспресс;accept
забираю экспресс;accept
принимаю экспресс;accept
ок, старт;accept
ок, еду;accept
ок, поехал;accept
ок, выезжаю;accept
по рукам;accept
договорились;accept
беру, договорились;accept
забираю, договорились;accept
принимаю, договорились;accept
сделаем;accept
делаю;accept
делаю, беру;accept
делаю, забираю;accept
делаю, принимаю;accept
беру, делаю;accept
забираю, делаю;accept
принимаю, делаю;accept
принял;accept
приняли;accept
приняла;accept
подтверждаю сделку;accept
подтвердил;accept
подтвердили;accept
подтвердила;accept
есть беру;accept
есть забираю;accept
есть принимаю;accept
беру окончательно;accept
забираю окончательно;accept
принимаю окончательно;accept
финиш, беру;accept
финиш, забираю;accept
финиш, принимаю;accept
не беру;decline
скинь заказ;decline
отказываюсь;decline
откажись;decline
сбрасываю заказ;decline
не беру сейчас;decline
отказ;decline
не согласен;decline
не хочу;decline
пропускаю;decline
пропусти заказ;decline
отменяю;decline
отмена заказа;decline
не беру, извини;decline
не смогу;decline
нет, пас;decline
передай другому;decline
не подходит;decline
не успею;decline
пропусти, занят;decline
пропускаем;decline
пропускаю срочно;decline
скинь, занят;decline
откажи;decline
не интересует;decline
без меня;decline
не буду;decline
не беру, позже;decline
отменить;decline
снимай;decline
снимаю заказ;decline
не беру эту поездку;decline
отказываюсь сейчас;decline
не беру, спасибо;decline
не беру, занято;decline
передай другому водителю;decline
пусть возьмёт кто-то;decline
не беру, время поджимает;decline
отказываюсь принимать;decline
пропускаю, нет времени;decline
не беру, далеко;decline
длинно, отказываюсь;decline
заказ не мой;decline
пропускаю заказ;decline
снимаю, нет возможности;decline
откажись немедленно;decline
не беру, пробки;decline
не смогу сейчас;decline
не могу;decline
нет, не беру;decline
не возьму;decline
откажусь;decline
отказаться;decline
отменяем;decline
сброс;decline
сбрось;decline
другой возьмёт;decline
не тяну;decline
не везу;decline
не беру, маршрут неудобный;decline
не по пути;decline
не мой район;decline
далеко, отказ;decline
пропускаю, бензина мало;decline
занят, пропусти;decline
нет, пропускаю;decline
не беру, конец смены;decline
устал, отказ;decline
не беру, отдых;decline
беру отпуск, пропускаю;decline
не хочу брать;decline
не готов;decline
не беру, ремонт;decline
не беру, клиент далеко;decline
нет, спасибо;decline
позже;decline
я пас;decline
не вариант;decline
не сейчас;decline
в другой раз;decline
прости, нет;decline
отказываюсь, срочные дела;decline
не успеваю, пропускаю;decline
отменяю, погода;decline
слишком далеко;decline
нет возможности;decline
не смогу отвезти;decline
откажись от поездки;decline
не беру, плохая дорога;decline
нет, пропусти;decline
не беру, клиент далеко;decline
отменяю, загружен;decline
не беру, нет детского кресла;decline
нет времени;decline
отказываюсь, занято;decline
пропускаю, спешу;decline
не беру;decline
откажусь;decline
сброс;decline
не сейчас;decline
пропускаю;decline
далеко;decline
занят;decline
нет, пас;decline
не успею;decline
другой пусть;decline
позже;decline
отказ;decline
снимаю;decline
не вариант;decline
не хочу;decline
нет времени;decline
взял поездку, пас;decline
не мой район;decline
пропусти;decline
далековато;decline
конец смены;decline
перерыв;decline
устал;decline
пробки, нет;decline
без меня;decline
ремонт, пас;decline
не подходит;decline
не беру, извини;decline
пусть другой;decline
не везу;decline
плохая дорога;decline
кресла нет;decline
погода плохая;decline
нет детского;decline
занят рейсом;decline
не тяну;decline
длинно;decline
не по пути;decline
нет, спасибо;decline
поздно;decline
далеко, пас;decline
не могу;decline
спешу;decline
заказ не мой;decline
бензина мало;decline
не беру сейчас;decline
передай другому;decline
не готов;decline
пропусти, занят;decline
нет возможности;decline
пропускаю конец смены;decline
отказ поздно;decline
позже поздно;decline
отказываюсь нет кресла;decline
пропускаю нет кресла;decline
нет возможности взять;decline
нет времени сейчас;decline
давай другой возьмёт;decline
не беру нет кресла;decline
не могу далеко;decline
нет времени плохая дорога;decline
пропускаю загружен;decline
нет времени спешу;decline
занят плохая дорога;decline
пас перерыв;decline
позже загружен;decline
слишком далеко, пас;decline
пас спешу;decline
пропускаю, нет времени;decline
не могу устал;decline
не беру загружен;decline
не мой район сейчас;decline
занят перерыв;decline
отказ устал;decline
пропускаю перерыв;decline
позже ремонт;decline
снимаю поздно;decline
нет времени устал;decline
пропускаю поздно;decline
пас поздно;decline
пас устал;decline
передай другому;decline
снимаю далеко;decline
занят нет кресла;decline
пропускаю устал;decline
отказ перерыв;decline
не беру конец смены;decline
пас конец смены;decline
позже конец смены;decline
ремонт, пас;decline
поздно, пропускаю;decline
не тяну;decline
не беру ремонт;decline
отказ ремонт;decline
не успеваю, пас;decline
не беру перерыв;decline
снимаю загружен;decline
снимаю устал;decline
позже перерыв;decline
позже устал;decline
отказываюсь загружен;decline
не беру спешу;decline
пропускаю спешу;decline
снимаю ремонт;decline
пас, беру позже;decline
нет кресла, пропускаю;decline
плохое состояние дороги;decline
не готов сейчас;decline
отказ сейчас;decline
отказ конец смены;decline
позже плохая дорога;decline
нет времени поздно;decline
занят, пропусти;decline
отказ загружен;decline
отказываюсь плохая дорога;decline
отказ нет кресла;decline
перерыв, не беру;decline
пас плохая дорога;decline
занят сейчас;decline
снимаю пробки;decline
спешу, не могу;decline
не вариант сейчас;decline
позже нет кресла;decline
снимаю спешу;decline
не могу пробки;decline
сейчас не могу взять;decline
пас ремонт;decline
нет времени ремонт;decline
отказ из-за пробок;decline
занят устал;decline
ремонт машины, пас;decline
пропускаю ремонт;decline
отказываюсь перерыв;decline
отказ спешу;decline
занят ремонт;decline
пропускаю плохая дорога;decline
не могу поздно;decline
нет времени нет кресла;decline
отказ плохая дорога;decline
занят поздно;decline
отказываюсь сейчас;decline
не могу загружен;decline
нет времени далеко;decline
не беру пробки;decline
пас загружен;decline
не могу нет кресла;decline
пропускаю пробки;decline
устал, пас сейчас;decline
отказ далеко;decline
снимаю конец смены;decline
занят спешу;decline
нет времени конец смены;decline
пас далеко;decline
отказываюсь далеко;decline
не по пути;decline
отказываюсь ремонт;decline
не могу сейчас;decline
отказываюсь спешу;decline
нет времени перерыв;decline
позже спешу;decline
пропускаю;decline
далековато;decline
не могу плохая дорога;decline
погода плохая, не беру;decline
снимаю нет кресла;decline
занят;decline
нет времени;decline
пропускаю сейчас;decline
не беру устал;decline
другой пусть;decline
не готов;decline
нет, пас;decline
пробки, нет;decline
взял поездку, пас;decline
не хочу;decline
нет, спасибо;decline
я маршрут домой прямо;home
буду идти домой сейчас;home
буду выехал домой прямо;home
домой поехал без остановок;home
броню домой сейчас;home
домашние дела без задержек;home
сейчас еду домой сейчас;home
сейчас домой поехал без задержек;home
направление домой прямо;home
буду домой быстро быстро;home
только домой сегодня побыстрее;home
я путь домой сейчас;home
сейчас домой маршрут быстро;home
буду путь домой;home
буду летим домой срочно;home
по дороге домой сейчас;home
я еду домой быстро без остановок;home
домой маршрут побыстрее;home
буду сегодня домой прямо;home
сейчас летим домой прямо;home
я в сторону дома побыстрее;home
домашняя дорога без задержек;home
буду домой срочно быстро;home
сейчас в сторону дома быстро;home
я дом срочно;home
сейчас возвращаюсь домой без задержек;home
я домашняя дорога быстро;home
я по дороге домой сейчас;home
сейчас броню домой прямо;home
буду домой без остановок побыстрее;home
домашние дела срочно;home
домой маршрут без остановок;home
сейчас еду на базу прямо;home
буду домашний маршрут;home
буду домашний маршрут без задержек;home
я домой срочно сейчас;home
только домой прямо;home
сейчас домой поехал сейчас;home
я идти домой без задержек;home
сейчас только вперед домой срочно;home
я поеду домой прямо;home
я маршрут домой сейчас;home
я еду домой сейчас без задержек;home
сейчас летим домой без задержек;home
буду только домой быстро;home
буду направляюсь домой сейчас;home
буду только домой сегодня срочно;home
я домой без остановок без остановок;home
еду домой побыстрее;home
я пока домой без остановок;home
сейчас домашняя дорога побыстрее;home
маршрут домой сейчас;home
сейчас летим домой побыстрее;home
только домой срочно;home
быстрый маршрут домой быстро;home
я только домой побыстрее;home
буду домой без остановок;home
буду быстрый маршрут домой без остановок;home
сейчас поеду домой побыстрее;home
буду поеду домой побыстрее;home
домашний маршрут прямо;home
домашний маршрут быстро;home
сейчас домашний маршрут быстро;home
я домашний маршрут прямо;home
в сторону дома сейчас;home
в сторону дома быстро;home
по дороге домой без задержек;home
я возвращаюсь домой быстро;home
я возвращаюсь домой срочно;home
возвращаюсь домой прямо;home
возвращаюсь домой без задержек;home
еду на базу срочно;home
еду на базу без задержек;home
сейчас еду на базу;home
я еду на базу;home
домашняя дорога прямо;home
домашняя дорога срочно;home
домашняя дорога побыстрее;home
путь домой без задержек;home
путь домой прямо;home
путь домой быстро;home
путь домой срочно;home
сейчас путь домой;home
быстрый путь домой;home
быстрый путь домой срочно;home
быстрый путь домой быстро;home
иду домой быстро;home
иду домой срочно;home
иду домой прямо;home
иду домой без задержек;home
сейчас иду домой;home
поеду домой срочно;home
поеду домой быстро;home
поеду домой без задержек;home
поеду домой прямо;home
лечу домой срочно;home
лечу домой быстро;home
лечу домой прямо;home
лечу домой без задержек;home
сейчас лечу домой;home
домой без остановок;home
домой без задержек;home
домой побыстрее;home
домой срочно;home
домой прямо;home
еду домой срочно;home
еду домой прямо;home
еду домой без задержек;home
еду домой;home
домой маршрут быстро;home
домой маршрут срочно;home
домой маршрут прямо;home
домой маршрут без задержек;home
маршрут до дома быстрее;home
маршрут до дома срочно;home
маршрут до дома без задержек;home
маршрут до дома прямо;home
по пути домой заказы;home
заказы по пути домой;home
только заказы домой;home
только заказы по дому;home
домашние заказы;home
домашние поездки;home
еду только домой;home
езжу только домой;home
беру по пути домой;home
беру только домой;home
работаю по пути домой;home
маршрут до дома;home
путь к дому;home
в сторону дома;home
держу путь домой;home
направляюсь домой;home
двигаюсь домой;home
следую домой;home
курс домой;home
курсирую домой;home
дальше домой;home
движение домой;home
возьму домой маршрут;home
давай домой;home
везите домой;home
отвези домой;home
только домой далее;home
на базу домой;home
домашний конец смены;home
кончаю, домой;home
заканчиваю, домой;home
конец смены, домой;home
распускаюсь, домой;home
финал, домой;home
еду только по дому;home
только дом;home
курс на дом;home
беру курс домой;home
по курсу домой;home
домашний курьер;home
домашний рейс;home
домашний путь;home
домашний конец;home
домашний финиш;home
домашний конец маршрута;home
дом;home
на дом;home
к дому;home
в дом;home
до дома;home
к себе домой;home
возврат домой;home
возврат к дому;home
возврат домой срочно;home
обратно домой;home
обратно домой срочно;home
обратно домой быстро;home
обратно домой без задержек;home
обратно домой прямо;home
возврат домой быстро;home
назад домой;home
назад домой срочно;home
назад домой быстро;home
назад домой без задержек;home
назад домой прямо;home
Еду домой;home
Маршрут домой;home
Прокладывай до дома;home
Как быстрее до дома;home
Построй дорогу домой;home
Наведи к дому;home
Покажи дорогу домой;home
Навигатор «домой»;home
Только домой;home
Заказы в сторону дома;home
Стартую домой;home
Курс на дом;home
Двигаюсь домой;home
Следую домой;home
Иду домой;home
Пора домой;home
Конец смены, домой;home
Заканчиваю, домой;home
Домой без остановок;home
Домой без задержек;home
Домой побыстрее;home
Домой срочно;home
Беру курс домой;home
Путь домой;home
Быстрый путь домой;home
Оптимальный маршрут домой;home
Короткий путь домой;home
Подскажи дорогу домой;home
В сторону дома;home
Держу путь домой;home
Лечу домой;home
Гони домой;home
Сориентируй на дом;home
Укажи дорогу к дому;home
Поехали домой;home
Погнали домой;home
По пути домой беру рейсы;home
Только рейсы до дома;home
Работаю по пути домой;home
Заказы до дома;home
Еду к себе домой;home
Маршрут к себе домой;home
Домашний маршрут;home
Домашний путь;home
Финиширую, домой;home
Финиш смены, домой;home
Отвези домой;home
Построй мне дорогу домой;home
Навигируй домой;home
Сверни к дому;home
Перестрой маршрут на дом;home
Обнови маршрут: дом;home
Направь домой;home
Выставь точку «дом»;home
Финиш домой;home
Нужен дом;home
Хочу домой;home
Ставь дом конечной;home
Конечная, дом;home
Назад домой;home
Возврат домой;home
Вернуться домой;home
Вернусь домой;home
Полёт домой;home
Дорога до дома;home
Скажи, как доехать домой;home
Прокладывай домой;home
Рассчитай дорогу домой;home
Сохрани курс домой;home
Начинаю путь домой;home
Запусти режим «домой»;home
Домашний режим;home
Без клиентов, домой;home
Без пробок домой;home
Через центр домой;home
Через объезд домой;home
Через трассу домой;home
Оптимизируй до дома;home
Укороти путь домой;home
Сделай кратчайший до дома;home
Сделай самый быстрый до дома;home
Смену закрываю, домой;home
Закрываю рейсы, домой;home
Заказы завершены, домой;home
Еду на базу, потом дом;home
С базы к дому;home
Выезд к дому;home
Покажи схему до дома;home
Схема домой;home
Маршрут до подъезда;home
Как до подъезда;home
К подъезду домой;home
До квартиры везите;home
Маршрут до квартиры;home
До ворот дома;home
До двора домой;home
В родной двор;home
К родному подъезду;home
К родному дому;home
К своему дому;home
К своему подъезду;home
Обратно к себе;home
Обратно в свой район;home
Домой через объезд;home
Домой через трассу;home
Домой без платных дорог;home
Домой по платке быстрее;home
Домой по объезду;home
Домой по трассе;home
Домой по шоссе;home
Домой по кольцу;home
Домой по набережной;home
Домой через мост;home
Туда, где живу;home
В свой район;home
К своей улице;home
К своей квартире;home
Наведи к моему дому;home
Доставь меня домой;home
Возьми курс на квартиру;home
Ставь маршрут до квартиры;home
Перестрой дорогу на дом;home
Домой и точка;home
Нужен адрес дома;home
Довези до дома;home
Финиш смены, курс домой;home
Заканчиваю рейсы, курс к дому;home
Нет заказов, еду домой;home
Сворачиваю, домой;home
Свободен, домой;home
Последний заказ, потом домой;home
После этого домой;home
Завершил смену, домой;home
Проложи до района проживания;home
До моего района;home
К моему дому;home
Подскажи кратчайший до дома;home
Минимум светофоров до дома;home
Меньше пробок до дома;home
Сейчас домой без кольцевых;home
Домой по бесплатным;home
Покажи экономичный до дома;home
Покажи без камер до дома;home
Переход на маршрут «дом»;home
Дальше только домой;home
Старт «домой»;home
Вывести маршрут до дома;home
Навигатор, курс к дому;home
Скорректируй курс: дом;home
Отведите к дому;home
Направление «дом»;home
Завершил день, дом;home
На сегодня всё, еду домой;home
Смена окончена, дом;home
Снялся, домой;home
Поеду к дому, без рейсов;home
Активируй режим «дорога домой»;home
Активируй дорогу до дома;home
Покажи путь: до дома;home
Расчёт пути до дома;home
Путь без платных до дома;home
Путь без пробок домой;home
Кратчайший до дома, поехали;home
Выставь дом финишем;home
Финиш дома;home
Домашний адрес в конце;home
Задай дом как цель;home
Цель поездки: дом;home
Едем до дома;home
Маршрут до дома готов?;home
Маршрут до дома построен?;home
Метка «дом» активна;home
Сменить навигацию на дом;home
Дальше ехать домой;home
Перейти к дому;home
Подскажешь дорогу домой?;home
Отметка «дом», строим;home
Разверни к дому;home
Везём к дому;home
Ставлю дом конечным;home
еду по делам;buisness
режим по делам;buisness
включи по делам;buisness
активируй по делам;buisness
переключи на по делам;buisness
работаю по делам;buisness
только по делам;buisness
маршрут по делам;buisness
личный маршрут, по делам;buisness
путь по делам;buisness
курс по делам;buisness
следую по делам;buisness
двигаюсь по делам;buisness
режим «по делам»;buisness
запусти «по делам»;buisness
перехожу на по делам;buisness
деловой режим;buisness
деловые заказы;buisness
беру заказы по делам;buisness
фильтр по делам;buisness
только рейсы по делам;buisness
личные рейсы: по делам;buisness
покажи по делам;buisness
отбор по делам;buisness
принимаю по делам;buisness
нужен по делам;buisness
хочу по делам;buisness
продолжаю по делам;buisness
дальше по делам;buisness
сейчас по делам;buisness
сегодня по делам;buisness
перерыв закончился, по делам;buisness
после заказа, по делам;buisness
между рейсами, по делам;buisness
свободен, по делам;buisness
пауза закончилась, по делам;buisness
личное время, по делам;buisness
режим личных дел;buisness
личные задачи;buisness
ехал дальше по делам;buisness
ставь по делам;buisness
выбрать по делам;buisness
акцент на по делам;buisness
приоритет по делам;buisness
фокус на по делам;buisness
личный режим: по делам;buisness
частный режим, по делам;buisness
частные поездки, по делам;buisness
частные задачи, по делам;buisness
деловые поездки;buisness
деловые задачи;buisness
мои дела;buisness
делаю дела;buisness
решаю дела;buisness
еду по своим делам;buisness
занят делами;buisness
готов к делам;buisness
начать по делам;buisness
старт по делам;buisness
запуск по делам;buisness
активация по делам;buisness
по делам без лишнего;buisness
по делам без клиентов;buisness
по делам без ожидания;buisness
по делам быстро;buisness
по делам срочно;buisness
по делам немедленно;buisness
по делам в приоритете;buisness
по делам главный;buisness
по делам вперед;buisness
по делам и точка;buisness
всё по делам;buisness
только мои дела;buisness
свои дела;buisness
собственные дела;buisness
частные дела;buisness
дела активны;buisness
дела включены;buisness
дела вкл;buisness
дела онлайн;buisness
дела оффлайн;buisness
режим дел;buisness
навигатор по делам;buisness
маршруты по делам;buisness
трафик по делам;buisness
поток по делам;buisness
очередь по делам;buisness
список по делам;buisness
задачи по делам;buisness
заявки по делам;buisness
задания по делам;buisness
выбираю по делам;buisness
беру по делам;buisness
хватаю по делам;buisness
ловлю по делам;buisness
приор по делам;buisness
галочка по делам;buisness
тег «по делам»;buisness
метка по делам;buisness
категория по делам;buisness
ключ по делам;buisness
вариант по делам;buisness
опция по делам;buisness
пункт по делам;buisness
профиль по делам;buisness
сегмент по делам;buisness
поток деловой;buisness
канал по делам;buisness
линия по делам;buisness
режим частный: дела;buisness
частный: по делам;buisness
свой режим, по делам;buisness
свой маршрут, по делам;buisness
мой режим: дела;buisness
мой маршрут: по делам;buisness
мой статус: по делам;buisness
статус по делам;buisness
обнови на по делам;buisness
изменить на по делам;buisness
сменить на по делам;buisness
переключатель: по делам;buisness
тумблер по делам;buisness
переключить трафик на дела;buisness
переключить навигацию: дела;buisness
в навигаторе: по делам;buisness
включить фильтр дел;buisness
отключить общий, оставить дела;buisness
чисто по делам;buisness
по делам только;buisness
по делам сегодня;buisness
по делам сейчас;buisness
по делам дальше;buisness
по делам далее;buisness
по делам весь день;buisness
по делам вечер;buisness
по делам утро;buisness
по делам ночь;buisness
по делам после обеда;buisness
по делам до обеда;buisness
по делам вне смены;buisness
послесмены, по делам;buisness
межсмены, по делам;buisness
переход к делам;buisness
возврат к делам;buisness
вернуться к делам;buisness
остаться на делах;buisness
оставь по делам;buisness
добавь по делам;buisness
удали лишнее, оставь дела;buisness
подтверди по делам;buisness
да, по делам;buisness
ок, по делам;buisness
ладно, по делам;buisness
хорошо, по делам;buisness
готов, по делам;buisness
стартуем по делам;buisness
по делам погнали;buisness
по делам поехали;buisness
по делам выезжаю;buisness
по делам продолжаю;buisness
я на делах;buisness
держу дела;buisness
курс держу по делам;buisness
курсирую по делам;buisness
следую по делам;buisness
направляюсь по делам;buisness
еду решать дела;buisness
еду заниматься делами;buisness
в делах;buisness
в режиме дел;buisness
я в деловом режиме;buisness
личные дела включены;buisness
личные дела: старт;buisness
личные дела: актив;buisness
включи личные дела;buisness
работаю личные дела;buisness
покажи личные дела;buisness
оставь личные дела;buisness
приоритет личные дела;buisness
фильтр личные дела;buisness
дальше личные дела;buisness
только личные дела;buisness
частные дела: вкл;buisness
частные дела: режим;buisness
частные дела: актив;buisness
дела без пассажиров;buisness
дела без стоянки;buisness
дела без заказов;buisness
дела без очередей;buisness
дела без пробок;buisness
по делам эконом;buisness
по делам комфорт;buisness
по делам быстро без пробок;buisness
по делам коротко;buisness
по делам кратчайший;buisness
по делам оптимально;buisness
по делам минимальный путь;buisness
по делам свободный маршрут;buisness
по делам через центр;buisness
по делам через объезд;buisness
по делам по платке;buisness
по делам без платки;buisness
по делам по трассе;buisness
по делам по кольцу;buisness
по делам по набережной;buisness
по делам через мост;buisness
по делам спокойно;buisness
по делам тихо;buisness
по делам без музыки;buisness
по делам без уведомлений;buisness
по делам без звонков;buisness
по делам без отвлечений;buisness
по делам без клиентов;buisness
личные поездки, по делам;buisness
личные рейсы, по делам;buisness
личные заказы, по делам;buisness
личные задачи, по делам;buisness
личный график: по делам;buisness
личный план: по делам;buisness
частный маршрут: по делам;buisness
частный режим: по делам;buisness
частный фильтр: по делам;buisness
частный список: по делам;buisness
своя линия: по делам;buisness
свой канал: по делам;buisness
свой сегмент: по делам;buisness
собственный режим: по делам;buisness
личное меню: по делам;buisness
дела меню;buisness
по делам запрашиваю;buisness
по делам прошу;buisness
по делам надо;buisness
по делам нужно;buisness
по делам пожалуйста;buisness
по делам включи;buisness
по делам поставь;buisness
по делам переключи;buisness
по делам активируй;buisness
по делам обнови;buisness
по делам запусти;buisness
по делам сделай;buisness
по делам выставь;buisness
по делам подтверди;buisness
по делам установи;buisness
по делам сохраняю;buisness
по делам фиксирую;buisness
по делам отмечаю;buisness
по делам выбираю;buisness
по делам задаю;buisness
по делам назначаю;buisness
по делам запускаю;buisness
по делам объявляю;buisness
по делам актив;buisness
по делам старт;buisness
по делам готов;buisness
по делам начал;buisness
по делам работаю;buisness
по делам продолжаю;buisness
по делам финиширую;buisness
по делам завершаю;buisness
по делам завершил;buisness
по делам конец;buisness
по делам конец смены;buisness
по делам после смены;buisness
по делам меж смен;buisness
по делам выходной;buisness
по делам свободный день;buisness
по делам ночь;buisness
по делам утро;buisness
по делам вечер;buisness
по делам обед;buisness
по делам перерыв;buisness
по делам пауза;buisness
по делам отдых;buisness
по делам тайм;buisness
по делам блок;buisness
по делам секция;buisness
по делам вкладка;buisness
по делам страница;buisness
по делам режим открыт;buisness
по делам режим включён;buisness
по делам режим активен;buisness
по делам режим готов;buisness
по делам режим выбран;buisness
по делам режим подтверждён;buisness
по делам всё;buisness
по делам нормально;buisness
по делам окей;buisness
по делам понял;buisness
по делам принято;buisness
по делам согласен;buisness
по делам согласовано;buisness
по делам подтверждаю;buisness
по делам беру;buisness
по делам активирую;buisness
по делам продолжаю путь;buisness
по делам ищу задания;buisness
по делам ловлю заказы;buisness
по делам беру задачи;buisness
по делам ориентир;buisness
по делам направление;buisness
по делам траектория;buisness
по делам трек;buisness
по делам полёт;buisness
по делам движение;buisness
по делам маршрут;buisness
по делам дорога;buisness
по делам путь;buisness
по делам дистанция;buisness
по делам курс;buisness
по делам контроль;buisness
по делам управление;buisness
по делам контроль точки;buisness
по делам контроль маршрута;buisness
по делам обновить маршрут;buisness
по делам перестроить маршрут;buisness
по делам рассчитать путь;buisness
по делам оптимизировать путь;buisness
по делам рассчитать время;buisness
по делам показать время;buisness
по делам показать пробки;buisness
по делам без пробок;buisness
по делам без камер;buisness
по делам без платных;buisness
по делам экономичный;buisness
по делам комфортный;buisness
по делам короткий;buisness
по делам свободный;buisness
по делам свободная линия;buisness
по делам свободный коридор;buisness
по делам свободное направление;buisness
по делам без лишних остановок;buisness
по делам без лишних точек;buisness
по делам без лишних задач;buisness
по делам без груза;buisness
по делам без клиентов;buisness
по делам без пассажиров;buisness
по делам чистый рейс;buisness
по делам чистый маршрут;buisness
по делам чистый режим;buisness
по делам чистый список;buisness
по делам чистая линия;buisness
по делам закрытый режим;buisness
по делам приватный;buisness
по делам закрыто;buisness
по делам приватно;buisness
по делам персонально;buisness
по делам индивидуально;buisness
по делам индивидуальный маршрут;buisness
по делам собственный путь;buisness
по делам собственный режим;buisness
по делам собственные задачи;buisness
по делам собственные рейсы;buisness
по делам личные заказы;buisness
по делам личные поездки;buisness
по делам личный план;buisness
по делам личный день;buisness
по делам личный режим;buisness
по делам личный график;buisness
по делам личный фильтр;buisness
по делам личная линия;buisness
по делам личный поток;buisness
по делам личный сегмент;buisness
по делам личный профиль;buisness
по делам личная зона;buisness
по делам зона отдыха;buisness
по делам тишина;buisness
по делам спокойный режим;buisness
по делам спокойный маршрут;buisness
по делам релакс;buisness
по делам без суеты;buisness
по делам без стресса;buisness
по делам без срочности;buisness
по делам без лишней спешки;buisness
по делам без нагрузки;buisness
по делам лёгкий режим;buisness
по делам лёгкий день;buisness
по делам лёгкие рейсы;buisness
по делам лёгкий маршрут;buisness
по делам лёгкие задания;buisness
по делам короткие рейсы;buisness
по делам короткие задачи;buisness
по делам короткий график;buisness
по делам короткий день;buisness
по делам короткий маршрут;buisness
по делам короткий путь;buisness
по делам оптимальный режим;buisness
по делам оптимальный маршрут;buisness
по делам оптимальные задачи;buisness
по делам оптимальные рейсы;buisness
по делам оптимальный трафик;buisness
по делам любой маршрут;buisness
по делам любой рейс;buisness
по делам любые задачи;buisness
по делам любые заказы;buisness
по делам любые поездки;buisness
по делам всё что есть;buisness
по делам всё подходящее;buisness
по делам всё удобное;buisness
по делам всё личное;buisness
по делам всё деловое;buisness
по делам всё своё;buisness
Проложи маршрут до ул. Тверская, 12;route
Как доехать до Невский пр., 28;route
Маршрут до ул. Арбат, 45;route
Покажи дорогу до Московский пр., 77;route
Построй мне маршрут до ул. Петровка, 23;route
Проложи маршрут до ул. Лесная, 15;route
Как доехать до Казанская ул., 11;route
Маршрут до ул. Цветной бульвар, 9;route
Покажи дорогу до ул. Кузнецкий мост, 5;route
Построй мне маршрут до Лиговский пр., 42;route
Проложи маршрут до ул. Новая Басманная, 2;route
Как доехать до Пулковское ш., 35;route
Маршрут до ул. Большая Ордынка, 33;route
Покажи дорогу до Большой пр., 12;route
Построй мне маршрут до Пр-т Мира, 101;route
Проложи маршрут до ул. Щёлковское шоссе, 14;route
Как доехать до Адмиралтейский пр., 22;route
Маршрут до ул. Садовая, 78;route
Покажи дорогу до Васильевский остров, 5;route
Построй мне маршрут до ул. Проспект Вернадского, 25;route
Проложи маршрут до ул. Охотный ряд, 4;route
Как доехать до Комендантский пр., 31;route
Маршрут до ул. Ленинградский пр-т, 58;route
Покажи дорогу до ул. Полюстровский пр., 21;route
Построй мне маршрут до ул. Заморенова, 31;route
Проложи маршрут до ул. Сущёвская, 11;route
Как доехать до Садовая ул., 52;route
Маршрут до ул. Рижский проспект, 3;route
Покажи дорогу до ул. Новый Арбат, 7;route
Построй мне маршрут до Лахтинский пр., 15;route
Проложи маршрут до ул. Никольская, 16;route
Как доехать до ул. Торжковская ул., 8;route
Маршрут до Площадь Восстания, 10;route
Покажи дорогу до ул. Ленинская слобода, 9;route
Построй мне маршрут до ул. Малый Козихин, 6;route
Проложи маршрут до ул. Пискарёвский пр., 42;route
Как доехать до ул. Госпитальный Вал, 6;route
Маршрут до ул. Большая Садовая, 32;route
Покажи дорогу до Дунайский пр., 12;route
Построй мне маршрут до ул. Якиманка, 8;route
Проложи маршрут до ул. Мясницкая, 14;route
Как доехать до ул. Кронверкский пр., 7;route
Маршрут до ул. Большой Сампсониевский пр., 15;route
Покажи дорогу до ул. Пятницкая, 44;route
Построй мне маршрут до Лахтинский пр., 15;route
Проложи маршрут до ул. Ходынский бульвар, 5;route
Как доехать до ул. Малая Конюшенная ул., 6;route
Маршрут до ул. Кронштадтский бульвар, 27;route
Покажи дорогу до ул. Планетная ул., 5;route
Построй мне маршрут до ул. Краснопресненская наб., 18;route
Проложи маршрут до ул. Пискарёвка, 33;route
Как доехать до ул. Лужнецкая наб., 4;route
Маршрут до ул. Большая Никитская, 23;route
Покажи дорогу до Приморский пр., 15;route
Построй мне маршрут до ул. Кутузовский проспект, 10;route
Проложи маршрут до ул. Петровка, 23;route
Как доехать до Средний пр. Васильевского острова, 17;route
Маршрут до ул. Кузнечный пер., 5;route
Покажи дорогу до ул. Проспект Вернадского, 25;route
Построй мне маршрут до ул. Лахтинский пр., 15;route
Проложи маршрут до ул. Заморенова, 31;route
Как доехать до ул. Полюстровский пр., 21;route
Маршрут до ул. Охотный ряд, 4;route
Покажи дорогу до ул. Новая Басманная, 2;route
Построй мне маршрут до ул. Госпитальный Вал, 6;route
Проложи маршрут до ул. Большая Ордынка, 33;route
Как доехать до ул. Планетная ул., 5;route
Маршрут до ул. Большая Садовая, 32;route
Покажи дорогу до ул. Щёлковское шоссе, 14;route
Построй мне маршрут до ул. Лужнецкая наб., 4;route
Проложи маршрут до ул. Мясницкая, 14;route
Как доехать до Невский пр., 57;route
Маршрут до ул. Проспект Вернадского, 25;route
Покажи дорогу до ул. Сретенка, 29;route
Построй мне маршрут до Пулковское ш., 35;route
Проложи маршрут до ул. Ходынский бульвар, 5;route
Как доехать до ул. Торжковская ул., 8;route
Маршрут до ул. Заморенова, 31;route
Покажи дорогу до ул. Большая Никитская, 23;route
Построй мне маршрут до ул. Пискарёвский пр., 42;route
Проложи маршрут до ул. Ленинградский пр-т, 58;route
Как доехать до Казанская ул., 11;route
Маршрут до ул. Малый Козихин, 6;route
Покажи дорогу до Лиговский пр., 42;route
Построй мне маршрут до ул. Лесная, 15;route
Покажи, как проехать к Центральный парк;route
Отвези до Петроградская;route
Проклади мне путь до Приморский проспект, 15;route
Отведи меня к Кузнецкий мост, 5;route
Проклади мне путь до площадь перед парком;route
Куда дорога до Московский проспект, 77;route
Наведи маршрут на площадь с фонтаном;route
Проклади мне путь до Охотный ряд, 4;route
Наведи маршрут на Большой пр., 12;route
Отведи меня к Цветной бульвар, 9;route
Прокладывай до Площадь Труда;route
Проклади мне путь до Тверская, 12;route
Отведи меня к кафе на углу;route
Проклади мне путь до Мясницкая, 14;route
Прокладывай до торговый центр у метро;route
Построй быстрый маршрут до фонтан около магазина;route
Наведи маршрут на станция метро;route
Наведи маршрут на общежитие;route
Построй быстрый маршрут до Петровка, 23;route
Хочу доехать до площадь с фонтаном;route
Хочу доехать до площадь перед парком;route
Покажи, как проехать к Большая Ордынка, 33;route
Прокладывай до офисный центр;route
Прокладывай до ресторан на набережной;route
Как добраться до Пулковское ш., 35;route
Построй быстрый маршрут до Лужнецкая наб., 4;route
Покажи, как проехать к Лужнецкая наб., 4;route
Как добраться до Сущёвская, 11;route
Наведи маршрут на Щёлковское шоссе, 14;route
Наведи маршрут на Заморенова, 31;route
Покажи, как проехать к площадка на крыше;route
Хочу доехать до Тверская, 12;route
Отведи меня к супермаркет на углу улицы;route
Прокладывай до станция метро;route
Отвези до Лужнецкая наб., 4;route
Куда дорога до площадь перед парком;route
Куда дорога до Якиманка, 8;route
Хочу доехать до прачечная;route
Как добраться до Большой Сампсониевский проспект, 15;route
Наведи маршрут на Ходынский бульвар, 5;route
Куда дорога до Ходынский бульвар, 5;route
Куда дорога до детская площадка;route
Отвези до общежитие;route
Хочу доехать до Никольская ул., 16;route
Проклади мне путь до Комендантский проспект, 31;route
Отведи меня к Площадь Труда;route
Покажи, как проехать к Большой Сампсониевский проспект, 15;route
Хочу доехать до Центральный парк;route
Проклади мне путь до Полюстровский пр., 21;route
Построй быстрый маршрут до Охотный ряд, 4;route
Прокладывай до супермаркет на углу улицы;route
Построй быстрый маршрут до фонтан около магазина;route
Хочу доехать до Пулковское ш., 35;route
Построй быстрый маршрут до Парковая, 9;route
Покажи, как проехать к Цветной бульвар, 9;route
Как добраться до Проспект Вернадского, 25;route
Покажи, как проехать к Фонтанка;route
Прокладывай до Площадь Труда;route
Отведи меня к Якиманка, 8;route
Построй быстрый маршрут до Арбат, 45;route
Отведи меня к Пискарёвский проспект, 42;route
Построй быстрый маршрут до Пятницкая, 44;route
Покажи, как проехать к Пушкинская, 12;route
Как добраться до Кузнецкий мост, 5;route
Прокладывай до Большой пр., 12;route
Куда дорога до Большая Ордынка, 33;route
Проклади мне путь до Площадь Труда;route
Отвези до спортивный комплекс;route
Отведи меня к Ленинградский пр-т, 58;route
Отвези до дом друга;route
Покажи, как проехать к торговый квартал;route
Отвези до торговый центр у метро;route
Проклади мне путь до Заморенова, 31;route
Прокладывай до прачечная;route
Куда дорога до Охотный ряд, 4;route
Отведи меня к Кронверкский проспект, 7;route
Отведи меня к Площадь Аничкова;route
Куда дорога до Арбат, 45;route
Отвези до Лужнецкая наб., 4;route
Отведи меня к Петровка, 23;route
Наведи маршрут на Пр-т Мира, 101;route
Покажи, как проехать к Фонтанка;route
Хочу доехать до фонтан около магазина;route
Как добраться до Сенная площадь;route
Построй быстрый маршрут до музей современного искусства;route
Наведи маршрут на Васильевский остров, 5;route
Прокладывай до Пятницкая, 44;route
Отвези до Сущёвская, 11;route
Проклади мне путь до Арбат, 45;route
Прокладывай до Заморенова, 31;route
Проклади мне путь до Никольская ул., 16;route
Как добраться до Московский проспект, 77;route
Прокладывай до Ленинградский пр-т, 58;route
Отвези до Цветной бульвар, 9;route
Хочу доехать до Арбат, 45;route
Куда дорога до Заморенова, 31;route
Построй быстрый маршрут до Сенная площадь;route
Куда дорога до Средний пр. Васильевского острова, 17;route
Хочу доехать до дом друга;route
Наведи маршрут на Казанская ул., 11;route
Отведи меня к Малая Конюшенная, 6;route
Построй быстрый маршрут до площадь с фонтаном;route
Прокладывай до Московский проспект, 77;route
Проклади мне путь до Ходынский бульвар, 5;route
Построй быстрый маршрут до Никольская ул., 16;route
Отведи меня к Пискарёвский проспект, 42;route
Отвези до Кронверкский проспект, 7;route
Хочу доехать до Лиговский проспект, 42;route
Проклади мне путь до Средний пр. Васильевского острова, 17;route
Покажи, как проехать к кафе на углу;route
Наведи маршрут на Парковая, 9;route
Прокладывай до общежитие;route
Прокладывай до Мясницкая, 14;route
Куда дорога до большая Ордынка, 33;route
Прокладывай до Фонтанка;route
Куда дорога до парк скейтбордистов;route
Отвези до Новая Басманная, 2;route
Куда дорога до Ленинский проспект;route
Куда дорога до торговый центр у метро;route
Как добраться до Заморенова, 31;route
Куда дорога до площадка для йоги;route
Хочу доехать до Пулковское ш., 35;route
Куда дорога до станция метро;route
Хочу доехать до музей современного искусства;route
Куда дорога до Проспект Вернадского, 25;route
Хочу доехать до супермаркет на углу улицы;route
Покажи, как проехать к общежитие;route
Построй быстрый маршрут до Сенная площадь;route
Отвези до Васильевский остров, 5;route
Куда дорога до Казанская ул., 11;route
Прокладывай до Площадь Аничкова;route
Построй быстрый маршрут до Пушкинская, 12;route
Наведи маршрут на Средний пр. Васильевского острова, 17;route
Отвези до площадка для йоги;route
Отведи меня к Садовая, 78;route
Построй быстрый маршрут до детская площадка;route
Как добраться до Фонтанка;route
Проклади мне путь до Большой пр., 12;route
Наведи маршрут на площадь с памятником;route
Прокладывай до дом друга;route
Прокладывай до Пятницкая, 44;route
Хочу доехать до прачечная;route
Построй быстрый маршрут до автобусная остановка;route
Куда дорога до Лесная, 15;route
Покажи, как проехать к Пискарёвский проспект, 42;route
Покажи, как проехать к площадь с фонтаном;route
Наведи маршрут на Заморенова, 31;route
Как добраться до Полюстровский пр., 21;route
Хочу доехать до площадь перед парком;route
Прокладывай до торговый центр у метро;route
Построй быстрый маршрут до Полюстровский пр., 21;route
Проклади мне путь до Сенная площадь;route
Прокладывай до Сущёвская, 11;route
Отвези до фонтан около магазина;route
Хочу доехать до площадка на крыше;route
Проклади мне путь до Никольская ул., 16;route
Куда дорога до Новая Басманная, 2;route
Наведи маршрут на Щёлковское шоссе, 14;route
Хочу доехать до Ленинский проспект;route
Наведи маршрут на Большой Сампсониевский проспект, 15;route
Отвези до Пушкинская, 12;route
Построй быстрый маршрут до торговый квартал;route
Отвези до Площадь Аничкова;route
Как добраться до Невский, 10;route
Построй быстрый маршрут до Щёлковское шоссе, 14;route
Хочу доехать до Кузнецкий мост, 5;route
Отвези до Мясницкая, 14;route
Как добраться до Невский, 10;route
Покажи, как проехать к Кутузовский проспект, 10;route
Покажи, как проехать к Приморский проспект, 15;route
Отвези до Цветной бульвар, 9;route
Построй быстрый маршрут до Торговый квартал;route
Отведи меня к Малая Конюшенная, 6;route
Покажи, как проехать к Лесная, 15;route
Отвези до Невский, 10;route
Прокладывай до автобусная остановка;route
поставь трек «Город дорог»;other
включи новости спорта;other
какая сегодня погода в Туле;other
напомни поменять масло через 1 000 км;other
расскажи анекдот про гаишника;other
когда следующий матч «Зенита»;other
проверь штрафы ГИБДД;other
громкость музыки на 70%;other
позвони жене;other
прочитай последние сообщения в WhatsApp;other
сколько сейчас времени в Новосибирске;other
запусти таймер на 15 минут;other
сколько градусов за бортом;other
поставь будильник на 6 утра;other
включи расслабляющий плейлист;other
сколько осталось заряда телефона;other
напомни оплатить парковку в 19 00;other
расскажи свежие курсы валют;other
сколько километров до Луны;other
какая пробка на МКАДе;other
кто играет в кинотеатрах сегодня;other
поставь радиостанцию «Ретро FM»;other
прочитай заголовки главных новостей;other
сколько будет 7% от 12 000;other
какой праздник 8 марта;other
включи подкаст про автоисторию;other
распорядок дня сегодня;other
какая загруженность на КАД сейчас;other
расскажи рецепт борща;other
добавь в список покупок «лампочка h7»;other
проверь баланс транспортной карты;other
когда рассвет завтра;other
какая температура двигателя нормальная;other
сколько осталось до ТО;other
громкость тише на два деления;other
расскажи факт о космосе;other
включи белый шум;other
какой номер региона 178;other
поставь обратный отсчёт 30 секунд;other
сколько будет 250 км в милях;other
когда день водителя в России;other
кто автор песни «Дорога»;other
сколько литров в барреле;other
прочитай притчу на ночь;other
какой сегодня курс нефти;other
переведи «сцепление» на английский;other
включи сериал «След» с 5-й серии;other
сколько стоит литр бензина 95;other
узнай расписание электричек на завтра;other
покажи ближайший шиномонтаж;other
напомни сменить дворники через месяц;other
что такое момент затяжки;other
включи режим «не беспокоить»;other
открой навык «Не спи за рулём»;other
расскажи, кто такой Карлос Сайнс;other
какой штраф за непропуск пешехода;other
какая столица Исландии;other
поставь трек Верки Сердючки;other
когда был построен мост Александра Невского;other
запусти игру «В города»;other
сколько километров проеду на 10 л;other
какой знак зодиака сегодня;other
прочитай прогноз биржи;other
включи озвучку навигации погромче;other
сколько осталось мегабайт в пакете;other
расскажи шутку про парковку;other
какие выходные в мае;other
что по акции в «Ленте» сегодня;other
открой камеру заднего вида;other
сколько людей живёт в Москве;other
включи шум дождя;other
сколько дней до Нового года;other
запусти медитацию пять минут;other
когда подорожает ОСАГО;other
кто написал «Маленького принца»;other
поставь будильник после обеда;other
расскажи загадку;other
какой пароль от Wi-Fi дома;other
проверка связи;other
сколько будет стоить доллар завтра;other
покажи баланс бонусов «Плюс»;other
включи плейлист «Дорога ночь»;other
какой режим обогрева включён;other
сколько затяжек в колесе;other
расскажи гороскоп для Льва;other
когда выключат горячую воду;other
найди кофе рядом;other
напомни пополнить счёт «Теле2»;other
прочитай стих Пушкина;other
какие фильмы вышли в прокат;other
какая максимальная скорость УАЗ-Патриот;other
включи навык «Тест на алкоголь»;other
запомни: клиент Иванов, телефону 9…;other
сколько ступеней у коробки ZF8;other
когда ближайшее солнечное затмение;other
проверь уровень осадков сегодня;other
открой плейлист диско 80-х;other
сколько времени займёт путь до Сочи;other
какой размер колёс у Камри;other
напомни проверить давление шин утром;other
как по-испански «руль»;other
когда родился Гагарин;other
сколько весит тигр;other
расскажи биографию Манделы;other
включи режим экономии топлива;other
найди ближайший банкомат Сбер;other
какие акции растут сегодня;other
запусти навык «Угадай дорожный знак»;other
прочитай смешной твит;other
сколько грамм в столовой ложке;other
поставь таймер 3-минутка яйца;other
сколько осталось до обеда;other
включи рок 90-х;other
какая скорость ветра в Питере;other
подскажи, где недорогая заправка;other
расскажи, что такое гидротрансформатор;other
сколько будет 14% от 35 000;other
включи сказку ребёнку;other
какая дальность ближнего света;other
проверь загруженность Внуково;other
кто выиграл Евровидение 2024;other
сколько играет сериал «Викинги»;other
когда была основана СПб;other
пожалуйста, музыка потише;other
добавь встречу 5 августа 14:00;other
когда сезон клубники;other
сколько дней идёт дождь;other
расскажи притчу о счастье;other
найди рецепт чизкейка;other
прочитай последние биржевые сводки;other
какой штраф за парковку на тротуаре;other
сколько стоит лотерейный билет;other
включи радио «Дорожное»;other
какая река самая длинная;other
распиши расход топлива на 500 км;other
запусти разминку для шеи;other
сколько расстояние до границы;other
расскажи топ-10 аудиокниг;other
открой статистику COVID;other
какой сегодня лунный день;other
включи атмосферу океана;other
какое давление в Питере;other
напомни купить охлаждайку;other
кто озвучивал Шрека;other
сколько серий в «Игре престолов»;other
какая ширина Садового кольца;other
прочитай новости о биткоине;other
какой расход у Тесла Model Y;other
включи подкаст «Автотема»;other
громкость навигации на максимум;other
найди ближайший ресторан суши;other
когда сменить зимнюю резину;other
поставь счётчик километража;other
какая сегодня магнитная буря;other
сколько калорий в шаурме;other
расскажи, что такое ABS;other
включи музыку для сна;other
какой сегодня именинник;other
проверь наличие камер впереди;other
напомни повернуть налево через 5 км;other
сколько стоит путёвка в Сочи;other
открой заметку «расходы»;other
кто играет в финале Кубка России;other
сколько будет 60 °F в градусах;other
расскажи, как проверить масло;other
найди заправку с пропаном;other
какую температуру держит антифриз;other
когда поступит зарплата;other
включи курс английского за рулём;other
расскажи, кто такой Генри Форд;other
сколько длится фильм «Дюна»;other
переведи «баранка» на немецкий;other
какая дальность резерва;other
покажи сроки следующей страховки;other
кто чемпион Ф-1 2023;other
включи шуточный гороскоп;other
прочитай отзыв о Hyundai Solaris;other
когда следующий дождь;other
настрой яркость дисплея 50%;other
включи фоновые каверы;other
какой показатель UV сейчас;other
расскажи, как снять клеммы;other
сколько стоит проезд по ЗСД;other
запусти навык «День стоянки»;other
попроси музыку «русский рэп»;other
какой пробег до ТО-2;other
открой погоду на неделю;other
прочитай цитату дня;other
включи аудиокнигу «Метро 2033»;other
какая максимальная масса груза;other
сколько кубиков в движке V8;other
расскажи рецепт холодника;other
найди аптеку 24 часа;other
сколько стоит лобовое на Логан;other
открой курс биткоина;other
покажи фазу луны;other
напомни забрать посылку;other
сколько будет 90 миль в километрах;other
какая история Кремля;other
кто автор «Маленьких трагедий»;other
включи спорт-радио;other
расскажи о созвездии Лиры;other
покажи ближайшие пробки;other
какой штраф за отсутствие аптечки;other
включи студентовый плейлист;other
какая высота Останкинской башни;other
сколько дней длится вахта;other
открой навык «Что за регион»;other
запусти игру «Камень ножницы»;other
расскажи легенду о Рахманинове;other
сколько будет 45 € в рублях;other
какой индекс Dow Jones сейчас;other
поставь таймер «заварить лапшу»;other
проверь давление турбин;other
какой расход у КамАЗа;other
сколько шагов пройдено;other
расскажи, как заменить свечи;other
включи белый шум дождя;other
какой объём багажника у Ларгуса;other
когда обновить карту навигации;other
какой налог на авто 150 л.с.;other
поставь напоминание «помыть фары»;other
сколько стоит парковка в центре;other
расскажи легенду о Чкаловской лестнице;other
включи русские хиты 2000-х;other
какая скорость 4G тут;other
покажи ближайший шиномонтаж 24/7;other
сколько будет 3/8 от 640;other
когда сдать отчёт 3-НДФЛ;other
расскажи о майском перевороте;other
включи прогрев сидений;other
какой вес легковой шины R-17;other
поставь свет в салоне ярче;other
покажи курс евро к юаню;other
какая высота Эльбруса;other
напомни позвонить сервису;other
сколько стоит мойка кузова;other
открой ближайший автосервис;other
кто выиграл Оскар за лучший фильм 2025;other
включи джаз для вечера;other
расскажи, что такое ESP;other
сколько стоит эвакуатор на 10 км;other
покажи расписание кино;other
какой сегодня индекс AQI;other
напомни продлить лицензию музыку;other
включи шум морского прибоя;other
сколько лет Эрмитажу;other
расскажи о планете Марс;other
поставь радиостанцию «Юмор FM»;other
сколько литров в аквариуме 60×30×40;other
запусти фитнес-тренировку;other
какая средняя зарплата в Питере;other
покажи пробки на ЗСД;other
когда следующее затмение;other
расскажи прогноз урожая;other
включи классическое радио;other
сколько весит кузов ГАЗель;other
найди кофе-точку рядом;other
напомни проверить огнетушитель;other
сколько длится день в июле;other
какая глубина Невы;other
расскажи рецепт плова;other
кто поёт «Белые розы»;other
поставь расслабляющий дождь;other
какой штраф за превышение 20 км/ч;other
покажи баланс транспортной карты «Тройка»;other
сколько времени ехать до Казани;other
проверь очередь на границе;other
когда был изобретён ABS;other
включи квизы;other
какой уровень загруженности М-4;other
найди ближайшую мойку самообслуживания;other
расскажи, кто такие декабристы;other
сколько стоит подписка «Плюс»;other
поставь режим ночной панели;other
какая ширина колеи;other
напомни сделать страховку КАСКО;other
кто будет играть на Евро-2028;other
включи детскую колыбельную;other
сколько стоит штраф за ремень;other
расскажи афоризм дня;other
какая погода на выходные;other
поставь будильник в 4:30;other
какая дальность ближних фар;other
сколько процентов влажности сейчас;other
включи навык «Тест на алкоголь»;other
сколько времени осталось до заправки;other
расскажи притчу о мудреце;other
какое сегодня число по старому стилю;other
Хочу перейти на эконом;tariff_change
Переключи на эконом;tariff_change
Включи эконом;tariff_change
Поставь эконом;tariff_change
Сделай эконом;tariff_change
Выбери эконом;tariff_change
Активируй эконом;tariff_change
Измени на эконом;tariff_change
Поменяй на эконом;tariff_change
Смени на эконом;tariff_change
Переходим на эконом;tariff_change
Давай эконом;tariff_change
Нужен эконом;tariff_change
Хочу эконом;tariff_change
Сменить на эконом;tariff_change
Переключись на эконом;tariff_change
Ставь эконом;tariff_change
Делай эконом;tariff_change
Бери эконом;tariff_change
Включай эконом;tariff_change
Переключи на тариф эконом;tariff_change
Включи тариф эконом;tariff_change
Поставь тариф эконом;tariff_change
Сделай тариф эконом;tariff_change
Выбери тариф эконом;tariff_change
Активируй тариф эконом;tariff_change
Измени тариф на эконом;tariff_change
Поменяй на тариф эконом;tariff_change
Смени тариф на эконом;tariff_change
Переходим на тариф эконом;tariff_change
Давай тариф эконом;tariff_change
Нужен тариф эконом;tariff_change
Хочу тариф эконом;tariff_change
Сменить на тариф эконом;tariff_change
Переключись на тариф эконом;tariff_change
Ставь тариф эконом;tariff_change
Делай тариф эконом;tariff_change
Бери тариф эконом;tariff_change
Включай тариф эконом;tariff_change
Работаю на эконом;tariff_change
Езжу на эконом;tariff_change
Буду на эконом;tariff_change
Хочу работать на эконом;tariff_change
Перехожу на эконом;tariff_change
Меняю на эконом;tariff_change
Выбираю эконом;tariff_change
Беру эконом;tariff_change
Ставлю эконом;tariff_change
Включаю эконом;tariff_change
Активирую эконом;tariff_change
Устанавливаю эконом;tariff_change
Настраиваю эконом;tariff_change
Подключаю эконом;tariff_change
Запускаю эконом;tariff_change
Стартую на эконом;tariff_change
Начинаю с эконом;tariff_change
Иду на эконом;tariff_change
Лечу на эконом;tariff_change
Качу на эконом;tariff_change
Рулю на эконом;tariff_change
Катаюсь на эконом;tariff_change
Тружусь на эконом;tariff_change
Вожу на эконом;tariff_change
Таксую на эконом;tariff_change
Подрабатываю на эконом;tariff_change
Зарабатываю на эконом;tariff_change
Работаю в эконом;tariff_change
Функционирую на эконом;tariff_change
Действую на эконом;tariff_change
Оперирую на эконом;tariff_change
Функция эконом;tariff_change
Режим эконом;tariff_change
Класс эконом;tariff_change
Хочу перейти на комфорт;tariff_change
Переключи на комфорт;tariff_change
Включи комфорт;tariff_change
Поставь комфорт;tariff_change
Сделай комфорт;tariff_change
Выбери комфорт;tariff_change
Активируй комфорт;tariff_change
Измени на комфорт;tariff_change
Поменяй на комфорт;tariff_change
Смени на комфорт;tariff_change
Переходим на комфорт;tariff_change
Давай комфорт;tariff_change
Нужен комфорт;tariff_change
Хочу комфорт;tariff_change
Сменить на комфорт;tariff_change
Переключись на комфорт;tariff_change
Ставь комфорт;tariff_change
Делай комфорт;tariff_change
Бери комфорт;tariff_change
Включай комфорт;tariff_change
Переключи на тариф комфорт;tariff_change
Включи тариф комфорт;tariff_change
Поставь тариф комфорт;tariff_change
Сделай тариф комфорт;tariff_change
Выбери тариф комфорт;tariff_change
Активируй тариф комфорт;tariff_change
Измени тариф на комфорт;tariff_change
Поменяй на тариф комфорт;tariff_change
Смени тариф на комфорт;tariff_change
Переходим на тариф комфорт;tariff_change
Давай тариф комфорт;tariff_change
Нужен тариф комфорт;tariff_change
Хочу тариф комфорт;tariff_change
Сменить на тариф комфорт;tariff_change
Переключись на тариф комфорт;tariff_change
Ставь тариф комфорт;tariff_change
Делай тариф комфорт;tariff_change
Бери тариф комфорт;tariff_change
Включай тариф комфорт;tariff_change
Работаю на комфорт;tariff_change
Езжу на комфорт;tariff_change
Буду на комфорт;tariff_change
Хочу работать на комфорт;tariff_change
Перехожу на комфорт;tariff_change
Меняю на комфорт;tariff_change
Выбираю комфорт;tariff_change
Беру комфорт;tariff_change
Ставлю комфорт;tariff_change
Включаю комфорт;tariff_change
Активирую комфорт;tariff_change
Устанавливаю комфорт;tariff_change
Настраиваю комфорт;tariff_change
Подключаю комфорт;tariff_change
Запускаю комфорт;tariff_change
Стартую на комфорт;tariff_change
Начинаю с комфорт;tariff_change
Иду на комфорт;tariff_change
Лечу на комфорт;tariff_change
Качу на комфорт;tariff_change
Рулю на комфорт;tariff_change
Катаюсь на комфорт;tariff_change
Тружусь на комфорт;tariff_change
Вожу на комфорт;tariff_change
Таксую на комфорт;tariff_change
Подрабатываю на комфорт;tariff_change
Зарабатываю на комфорт;tariff_change
Работаю в комфорт;tariff_change
Функционирую на комфорт;tariff_change
Действую на комфорт;tariff_change
Оперирую на комфорт;tariff_change
Функция комфорт;tariff_change
Режим комфорт;tariff_change
Класс комфорт;tariff_change
Хочу перейти на комфорт плюс;tariff_change
Переключи на комфорт плюс;tariff_change
Включи комфорт плюс;tariff_change
Поставь комфорт плюс;tariff_change
Сделай комфорт плюс;tariff_change
Выбери комфорт плюс;tariff_change
Активируй комфорт плюс;tariff_change
Измени на комфорт плюс;tariff_change
Поменяй на комфорт плюс;tariff_change
Смени на комфорт плюс;tariff_change
Переходим на комфорт плюс;tariff_change
Давай комфорт плюс;tariff_change
Нужен комфорт плюс;tariff_change
Хочу комфорт плюс;tariff_change
Сменить на комфорт плюс;tariff_change
Переключись на комфорт плюс;tariff_change
Ставь комфорт плюс;tariff_change
Делай комфорт плюс;tariff_change
Бери комфорт плюс;tariff_change
Включай комфорт плюс;tariff_change
Хочу перейти на комфорт+;tariff_change
Переключи на комфорт+;tariff_change
Включи комфорт+;tariff_change
Поставь комфорт+;tariff_change
Сделай комфорт+;tariff_change
Выбери комфорт+;tariff_change
Активируй комфорт+;tariff_change
Измени на комфорт+;tariff_change
Поменяй на комфорт+;tariff_change
Смени на комфорт+;tariff_change
Переходим на комфорт+;tariff_change
Давай комфорт+;tariff_change
Нужен комфорт+;tariff_change
Хочу комфорт+;tariff_change
Переключи на тариф комфорт плюс;tariff_change
Включи тариф комфорт плюс;tariff_change
Поставь тариф комфорт плюс;tariff_change
Сделай тариф комфорт плюс;tariff_change
Выбери тариф комфорт плюс;tariff_change
Активируй тариф комфорт плюс;tariff_change
Измени тариф на комфорт плюс;tariff_change
Поменяй на тариф комфорт плюс;tariff_change
Смени тариф на комфорт плюс;tariff_change
Переходим на тариф комфорт плюс;tariff_change
Давай тариф комфорт плюс;tariff_change
Нужен тариф комфорт плюс;tariff_change
Хочу тариф комфорт плюс;tariff_change
Переключи на тариф комфорт+;tariff_change
Включи тариф комфорт+;tariff_change
Поставь тариф комфорт+;tariff_change
Сделай тариф комфорт+;tariff_change
Выбери тариф комфорт+;tariff_change
Активируй тариф комфорт+;tariff_change
Измени тариф на комфорт+;tariff_change
Поменяй на тариф комфорт+;tariff_change
Смени тариф на комфорт+;tariff_change
Работаю на комфорт плюс;tariff_change
Езжу на комфорт плюс;tariff_change
Буду на комфорт плюс;tariff_change
Хочу работать на комфорт плюс;tariff_change
Перехожу на комфорт плюс;tariff_change
Меняю на комфорт плюс;tariff_change
Выбираю комфорт плюс;tariff_change
Беру комфорт плюс;tariff_change
Ставлю комфорт плюс;tariff_change
Включаю комфорт плюс;tariff_change
Активирую комфорт плюс;tariff_change
Работаю на комфорт+;tariff_change
Езжу на комфорт+;tariff_change
Буду на комфорт+;tariff_change
Хочу работать на комфорт+;tariff_change
Перехожу на комфорт+;tariff_change
Меняю на комфорт+;tariff_change
Выбираю комфорт+;tariff_change
Беру комфорт+;tariff_change
Ставлю комфорт+;tariff_change
Включаю комфорт+;tariff_change
Активирую комфорт+;tariff_change
Устанавливаю комфорт плюс;tariff_change
Настраиваю комфорт плюс;tariff_change
Подключаю комфорт плюс;tariff_change
Запускаю комфорт плюс;tariff_change
Стартую на комфорт плюс;tariff_change
Функция комфорт плюс;tariff_change
Режим комфорт плюс;tariff_change
Класс комфорт плюс;tariff_change
Функция комфорт+;tariff_change
Режим комфорт+;tariff_change
Класс комфорт+;tariff_change
Повысь тариф;tariff_change
Подними тариф;tariff_change
Увеличь тариф;tariff_change
Сделай тариф повыше;tariff_change
Переключи тариф повыше;tariff_change
Хочу тариф подороже;tariff_change
Нужен тариф получше;tariff_change
Давай тариф покруче;tariff_change
Сделай дороже;tariff_change
Подними цену;tariff_change
Увеличь стоимость;tariff_change
Повысь класс;tariff_change
Улучши тариф;tariff_change
На класс выше;tariff_change
Дороже хочу;tariff_change
На уровень выше;tariff_change
На ступеньку выше;tariff_change
На шаг выше;tariff_change
Чуть повыше;tariff_change
Немного повыше;tariff_change
Чуть-чуть повыше;tariff_change
Слегка повыше;tariff_change
Капельку повыше;tariff_change
Маленько повыше;tariff_change
Тариф повыше сделай;tariff_change
Тариф подороже сделай;tariff_change
Тариф получше сделай;tariff_change
Уровень повыше;tariff_change
Класс повыше;tariff_change
Режим повыше;tariff_change
Поднимись на уровень;tariff_change
Поднимись на ступеньку;tariff_change
Поднимись на класс;tariff_change
Иди выше;tariff_change
Лезь выше;tariff_change
Поднимайся выше;tariff_change
Переходи выше;tariff_change
Двигайся выше;tariff_change
Сделай повыше тариф;tariff_change
Сделай подороже тариф;tariff_change
Сделай получше тариф;tariff_change
Поменяй на повыше;tariff_change
Поменяй на подороже;tariff_change
Поменяй на получше;tariff_change
Переключи на повыше;tariff_change
Переключи на подороже;tariff_change
Переключи на получше;tariff_change
Включи повыше;tariff_change
Включи подороже;tariff_change
Включи получше;tariff_change
Поставь повыше;tariff_change
Поставь подороже;tariff_change
Поставь получше;tariff_change
Выбери повыше;tariff_change
Выбери подороже;tariff_change
Выбери получше;tariff_change
Активируй повыше;tariff_change
Активируй подороже;tariff_change
Активируй получше;tariff_change
Вверх на тариф;tariff_change
Вверх на уровень;tariff_change
Вверх на класс;tariff_change
Выше уровнем;tariff_change
Выше классом;tariff_change
Выше тарифом;tariff_change
Больше тарифа;tariff_change
Круче тарифа;tariff_change
Лучше тарифа;tariff_change
Понизь тариф;tariff_change
Опусти тариф;tariff_change
Уменьши тариф;tariff_change
Сделай тариф пониже;tariff_change
Переключи тариф пониже;tariff_change
Хочу тариф подешевле;tariff_change
Нужен тариф попроще;tariff_change
Давай тариф поскромнее;tariff_change
Хочу тариф поэкономнее;tariff_change
Сделай подешевле;tariff_change
Опусти цену;tariff_change
Уменьши стоимость;tariff_change
Понизь класс;tariff_change
Ухудши тариф;tariff_change
На класс ниже;tariff_change
Дешевле нужно;tariff_change
На уровень ниже;tariff_change
На ступеньку ниже;tariff_change
На шаг ниже;tariff_change
Чуть пониже;tariff_change
Немного пониже;tariff_change
Чуть-чуть пониже;tariff_change
Слегка пониже;tariff_change
Капельку пониже;tariff_change
Маленько пониже;tariff_change
Тариф пониже сделай;tariff_change
Тариф подешевле сделай;tariff_change
Тариф попроще сделай;tariff_change
Уровень пониже;tariff_change
Класс пониже;tariff_change
Режим пониже;tariff_change
Спустись на уровень;tariff_change
Спустись на ступеньку;tariff_change
Спустись на класс;tariff_change
Иди ниже;tariff_change
Слезь ниже;tariff_change
Спускайся ниже;tariff_change
Переходи ниже;tariff_change
Двигайся ниже;tariff_change
Сделай пониже тариф;tariff_change
Сделай подешевле тариф;tariff_change
Сделай попроще тариф;tariff_change
Поменяй на пониже;tariff_change
Поменяй на подешевле;tariff_change
Поменяй на попроще;tariff_change
Переключи на пониже;tariff_change
Переключи на подешевле;tariff_change
Переключи на попроще;tariff_change
Включи пониже;tariff_change
Включи подешевле;tariff_change
Включи попроще;tariff_change
Поставь пониже;tariff_change
Поставь подешевле;tariff_change
Поставь попроще;tariff_change
Выбери пониже;tariff_change
Выбери подешевле;tariff_change
Выбери попроще;tariff_change
Активируй пониже;tariff_change
Активируй подешевле;tariff_change
Активируй попроще;tariff_change
Вниз на тариф;tariff_change
Вниз на уровень;tariff_change
Вниз на класс;tariff_change
Ниже уровнем;tariff_change
Ниже классом;tariff_change
Ниже тарифом;tariff_change
Меньше тарифа;tariff_change
Проще тарифа;tariff_change
Скромнее тарифа;tariff_change
